World Region,Country,target,value
Near East/South Asia,Afghanistan,Alabama,48
East Asia,Burma,Alabama,57
Africa,Burundi,Alabama,1
Africa,Central African Republic,Alabama,5
Latin America/Caribbean,Colombia,Alabama,18
Latin America/Caribbean,Cuba,Alabama,43
Africa,Dem. Rep. Congo,Alabama,183
Latin America/Caribbean,El Salvador,Alabama,1
Africa,Eritrea,Alabama,8
Africa,Ethiopia,Alabama,16
Latin America/Caribbean,Honduras,Alabama,4
Near East/South Asia,Iran,Alabama,32
Near East/South Asia,Iraq,Alabama,263
Africa,Ivory Coast,Alabama,1
Near East/South Asia,Pakistan,Alabama,19
Africa,Rwanda,Alabama,6
Africa,Somalia,Alabama,173
Africa,Sudan,Alabama,55
Europe,Ukraine,Alabama,7
East Asia,Vietnam,Alabama,9
Near East/South Asia,Bhutan,Alaska,90
East Asia,Burma,Alaska,90
Latin America/Caribbean,Colombia,Alaska,6
Africa,Congo,Alaska,3
Latin America/Caribbean,Cuba,Alaska,9
Africa,Dem. Rep. Congo,Alaska,95
Africa,Eritrea,Alaska,29
Africa,Ethiopia,Alaska,11
Near East/South Asia,Iran,Alaska,4
Near East/South Asia,Iraq,Alaska,47
Europe,Moldova,Alaska,4
Near East/South Asia,Palestine,Alaska,7
Africa,Republic of South Sudan,Alaska,8
Europe,Russia,Alaska,23
Africa,Rwanda,Alaska,6
Africa,Somalia,Alaska,278
Africa,Sudan,Alaska,112
Europe,Ukraine,Alaska,128
Europe,Uzbekistan,Alaska,7
Near East/South Asia,Afghanistan,Arizona,650
Near East/South Asia,Algeria,Arizona,1
Near East/South Asia,Bhutan,Arizona,1610
East Asia,Burma,Arizona,2890
Africa,Burundi,Arizona,380
Africa,Cameroon,Arizona,10
Africa,Central African Republic,Arizona,187
Africa,Chad,Arizona,27
East Asia,China,Arizona,6
Latin America/Caribbean,Colombia,Arizona,66
Africa,Congo,Arizona,26
Latin America/Caribbean,Cuba,Arizona,455
Africa,Dem. Rep. Congo,Arizona,5154
Near East/South Asia,Egypt,Arizona,1
Africa,Equatorial Guinea,Arizona,2
Africa,Eritrea,Arizona,1050
Africa,Ethiopia,Arizona,308
Africa,Gabon,Arizona,1
Africa,Guinea,Arizona,6
Latin America/Caribbean,Honduras,Arizona,6
Near East/South Asia,India,Arizona,2
Near East/South Asia,Iran,Arizona,556
Near East/South Asia,Iraq,Arizona,5448
Africa,Ivory Coast,Arizona,14
Near East/South Asia,Jordan,Arizona,7
Europe,Kazakhstan,Arizona,5
East Asia,"Korea, North",Arizona,8
Near East/South Asia,Kuwait,Arizona,9
Near East/South Asia,Lebanon,Arizona,1
Africa,Liberia,Arizona,26
Europe,Moldova,Arizona,1
Near East/South Asia,Nepal,Arizona,9
Near East/South Asia,Pakistan,Arizona,112
Near East/South Asia,Palestine,Arizona,86
Africa,Republic of South Sudan,Arizona,50
Europe,Russia,Arizona,2
Africa,Rwanda,Arizona,92
Africa,Senegal,Arizona,5
Europe,Serbia,Arizona,2
Africa,Sierra Leone,Arizona,1
Africa,Somalia,Arizona,3547
Africa,South Africa,Arizona,1
Near East/South Asia,Sri Lanka (Ceylon),Arizona,9
Africa,Sudan,Arizona,530
Near East/South Asia,Syria,Arizona,1295
Africa,Togo,Arizona,5
Near East/South Asia,Turkey,Arizona,2
Europe,Turkmenistan,Arizona,3
Africa,Uganda,Arizona,10
Europe,Ukraine,Arizona,5
Near East/South Asia,United Arab Emirates,Arizona,1
Europe,Uzbekistan,Arizona,82
East Asia,Vietnam,Arizona,4
Near East/South Asia,Afghanistan,Arkansas,1
Near East/South Asia,Bhutan,Arkansas,3
East Asia,Burma,Arkansas,42
Africa,Cameroon,Arkansas,2
Latin America/Caribbean,Colombia,Arkansas,5
Africa,Dem. Rep. Congo,Arkansas,97
Latin America/Caribbean,El Salvador,Arkansas,30
Africa,Ethiopia,Arkansas,2
Latin America/Caribbean,Honduras,Arkansas,1
Near East/South Asia,Iran,Arkansas,2
Near East/South Asia,Iraq,Arkansas,31
Africa,Liberia,Arkansas,5
Africa,Rwanda,Arkansas,4
Near East/South Asia,Syria,Arkansas,1
Europe,Ukraine,Arkansas,8
Near East/South Asia,Afghanistan,California,1912
Europe,Armenia,California,258
Europe,Azerbaijan,California,16
Near East/South Asia,Bangladesh,California,1
Europe,Belarus,California,186
Near East/South Asia,Bhutan,California,555
Europe,Bulgaria,California,1
East Asia,Burma,California,2448
Africa,Burundi,California,101
East Asia,Cambodia,California,20
Africa,Cameroon,California,9
Africa,Central African Republic,California,35
Africa,Chad,California,5
East Asia,China,California,65
Latin America/Caribbean,Colombia,California,47
Africa,Congo,California,17
Latin America/Caribbean,Cuba,California,157
Africa,Dem. Rep. Congo,California,1682
Near East/South Asia,Egypt,California,37
Latin America/Caribbean,El Salvador,California,559
Africa,Eritrea,California,763
Africa,Ethiopia,California,249
Africa,Gambia,California,2
Near East/South Asia,Gaza Strip,California,7
Europe,Georgia,California,5
Latin America/Caribbean,Guatemala,California,72
Africa,Guinea,California,1
Latin America/Caribbean,Honduras,California,36
Near East/South Asia,India,California,2
Near East/South Asia,Iran,California,12372
Near East/South Asia,Iraq,California,19509
Africa,Ivory Coast,California,5
Near East/South Asia,Jordan,California,6
Europe,Kazakhstan,California,79
Africa,Kenya,California,17
East Asia,"Korea, North",California,27
Near East/South Asia,Kuwait,California,1
Europe,Kyrgyzstan,California,21
East Asia,Laos,California,93
Europe,Latvia,California,5
Near East/South Asia,Lebanon,California,1
Africa,Liberia,California,14
Africa,Mali,California,1
Europe,Moldova,California,790
Near East/South Asia,Nepal,California,6
Africa,Nigeria,California,1
Near East/South Asia,Pakistan,California,113
Near East/South Asia,Palestine,California,271
Africa,Republic of South Sudan,California,8
Europe,Russia,California,610
Africa,Rwanda,California,22
Africa,Senegal,California,3
Africa,Sierra Leone,California,7
Africa,Somalia,California,1722
Africa,South Africa,California,1
Near East/South Asia,Sri Lanka (Ceylon),California,183
Africa,Sudan,California,190
Europe,Sweden,California,2
Near East/South Asia,Syria,California,2438
Europe,Tajikistan,California,5
Near East/South Asia,Tunisia,California,5
Europe,Turkmenistan,California,6
Africa,Uganda,California,66
Europe,Ukraine,California,3297
Europe,Uzbekistan,California,195
East Asia,Vietnam,California,96
Near East/South Asia,Yemen,California,3
Africa,Zimbabwe,California,2
Near East/South Asia,Afghanistan,Colorado,167
Europe,Armenia,Colorado,5
Near East/South Asia,Bangladesh,Colorado,7
Europe,Belarus,Colorado,55
Near East/South Asia,Bhutan,Colorado,2444
East Asia,Burma,Colorado,3689
Africa,Burundi,Colorado,75
Africa,Cameroon,Colorado,8
Africa,Central African Republic,Colorado,186
Africa,Chad,Colorado,3
East Asia,China,Colorado,26
Latin America/Caribbean,Colombia,Colorado,25
Africa,Congo,Colorado,20
Latin America/Caribbean,Cuba,Colorado,87
Africa,Dem. Rep. Congo,Colorado,1567
Near East/South Asia,Egypt,Colorado,2
Latin America/Caribbean,El Salvador,Colorado,31
Africa,Eritrea,Colorado,726
Africa,Ethiopia,Colorado,342
Africa,Gambia,Colorado,4
Europe,Georgia,Colorado,1
Latin America/Caribbean,Guatemala,Colorado,2
Latin America/Caribbean,Honduras,Colorado,2
Near East/South Asia,Iran,Colorado,125
Near East/South Asia,Iraq,Colorado,1824
Africa,Ivory Coast,Colorado,3
Europe,Kazakhstan,Colorado,7
Africa,Kenya,Colorado,2
East Asia,"Korea, North",Colorado,12
Africa,Liberia,Colorado,5
Near East/South Asia,Libya,Colorado,2
Africa,Malawi,Colorado,1
Africa,Mali,Colorado,1
Africa,Mauritania,Colorado,17
Europe,Moldova,Colorado,27
Near East/South Asia,Nepal,Colorado,5
Near East/South Asia,Pakistan,Colorado,18
Near East/South Asia,Palestine,Colorado,41
Africa,Republic of South Sudan,Colorado,6
Europe,Russia,Colorado,62
Africa,Rwanda,Colorado,60
Near East/South Asia,Saudi Arabia,Colorado,1
Africa,Senegal,Colorado,6
Africa,Sierra Leone,Colorado,1
Africa,Somalia,Colorado,1417
Near East/South Asia,Sri Lanka (Ceylon),Colorado,15
Africa,Sudan,Colorado,199
Near East/South Asia,Syria,Colorado,265
East Asia,Tibet,Colorado,21
Africa,Uganda,Colorado,11
Europe,Ukraine,Colorado,204
Europe,Uzbekistan,Colorado,6
East Asia,Vietnam,Colorado,22
Near East/South Asia,Yemen,Colorado,1
Africa,Zimbabwe,Colorado,2
Near East/South Asia,Afghanistan,Connecticut,166
Near East/South Asia,Algeria,Connecticut,2
Africa,Angola,Connecticut,3
Europe,Azerbaijan,Connecticut,2
Near East/South Asia,Bhutan,Connecticut,266
East Asia,Burma,Connecticut,530
Africa,Burundi,Connecticut,27
Africa,Cameroon,Connecticut,1
Africa,Central African Republic,Connecticut,17
Latin America/Caribbean,Colombia,Connecticut,63
Africa,Congo,Connecticut,1
Latin America/Caribbean,Cuba,Connecticut,60
Africa,Dem. Rep. Congo,Connecticut,859
Africa,Eritrea,Connecticut,333
Africa,Ethiopia,Connecticut,52
Latin America/Caribbean,Guatemala,Connecticut,3
Africa,Guinea,Connecticut,3
Latin America/Caribbean,Honduras,Connecticut,1
East Asia,Indonesia,Connecticut,1
Near East/South Asia,Iran,Connecticut,46
Near East/South Asia,Iraq,Connecticut,781
Africa,Ivory Coast,Connecticut,4
Africa,Liberia,Connecticut,15
Near East/South Asia,Morocco,Connecticut,1
Near East/South Asia,Pakistan,Connecticut,12
Near East/South Asia,Palestine,Connecticut,20
Europe,Russia,Connecticut,15
Africa,Rwanda,Connecticut,16
Africa,Senegal,Connecticut,1
Africa,Sierra Leone,Connecticut,1
Africa,Somalia,Connecticut,466
Near East/South Asia,Sri Lanka (Ceylon),Connecticut,9
Africa,Sudan,Connecticut,120
Near East/South Asia,Syria,Connecticut,532
Near East/South Asia,Tunisia,Connecticut,1
Europe,Ukraine,Connecticut,20
Europe,United Kingdom,Connecticut,1
Near East/South Asia,Afghanistan,Delaware,2
East Asia,Burma,Delaware,27
Africa,Central African Republic,Delaware,3
Africa,Dem. Rep. Congo,Delaware,17
Africa,Eritrea,Delaware,8
Near East/South Asia,Iran,Delaware,1
Near East/South Asia,Iraq,Delaware,3
Near East/South Asia,Pakistan,Delaware,5
Near East/South Asia,Sri Lanka (Ceylon),Delaware,3
Near East/South Asia,Syria,Delaware,3
Europe,Ukraine,Delaware,4
Near East/South Asia,Afghanistan,District of Columbia,7
East Asia,Burma,District of Columbia,1
East Asia,China,District of Columbia,5
Africa,Congo,District of Columbia,1
Africa,Dem. Rep. Congo,District of Columbia,8
Latin America/Caribbean,El Salvador,District of Columbia,1
Africa,Eritrea,District of Columbia,33
Africa,Ethiopia,District of Columbia,9
Near East/South Asia,Iran,District of Columbia,3
Near East/South Asia,Iraq,District of Columbia,51
Africa,Ivory Coast,District of Columbia,1
Near East/South Asia,Pakistan,District of Columbia,4
Africa,Somalia,District of Columbia,3
Africa,Uganda,District of Columbia,1
Near East/South Asia,Afghanistan,Florida,189
Europe,Azerbaijan,Florida,1
Europe,Belarus,Florida,1
Near East/South Asia,Bhutan,Florida,331
East Asia,Burma,Florida,3141
Africa,Burundi,Florida,52
East Asia,Cambodia,Florida,7
Africa,Central African Republic,Florida,55
Africa,Chad,Florida,1
Latin America/Caribbean,Colombia,Florida,808
Africa,Congo,Florida,18
Latin America/Caribbean,Cuba,Florida,11023
Africa,Dem. Rep. Congo,Florida,2218
Near East/South Asia,Egypt,Florida,4
Latin America/Caribbean,El Salvador,Florida,103
Africa,Eritrea,Florida,640
Africa,Ethiopia,Florida,232
Latin America/Caribbean,Guatemala,Florida,33
Latin America/Caribbean,Haiti,Florida,17
Latin America/Caribbean,Honduras,Florida,49
Near East/South Asia,Iran,Florida,259
Near East/South Asia,Iraq,Florida,2364
Africa,Ivory Coast,Florida,9
Latin America/Caribbean,Jamaica,Florida,2
Near East/South Asia,Jordan,Florida,4
Europe,Kazakhstan,Florida,16
East Asia,"Korea, North",Florida,4
Near East/South Asia,Kuwait,Florida,5
Europe,Kyrgyzstan,Florida,6
Africa,Liberia,Florida,8
Europe,Moldova,Florida,6
Near East/South Asia,Nepal,Florida,2
Africa,Nigeria,Florida,2
Near East/South Asia,Pakistan,Florida,46
Near East/South Asia,Palestine,Florida,13
Africa,Republic of South Sudan,Florida,6
Europe,Russia,Florida,92
Africa,Rwanda,Florida,15
Near East/South Asia,Saudi Arabia,Florida,1
Africa,Somalia,Florida,388
Near East/South Asia,Sri Lanka (Ceylon),Florida,14
Africa,Sudan,Florida,442
Near East/South Asia,Syria,Florida,1160
Africa,Tanzania,Florida,2
Africa,Togo,Florida,6
Near East/South Asia,Tunisia,Florida,2
Africa,Uganda,Florida,6
Europe,Ukraine,Florida,405
Near East/South Asia,United Arab Emirates,Florida,1
Europe,Uzbekistan,Florida,4
Latin America/Caribbean,Venezuela,Florida,7
East Asia,Vietnam,Florida,31
Near East/South Asia,Yemen,Florida,2
Near East/South Asia,Afghanistan,Georgia,546
Near East/South Asia,Algeria,Georgia,2
Near East/South Asia,Bangladesh,Georgia,6
Europe,Belarus,Georgia,3
Near East/South Asia,Bhutan,Georgia,4463
East Asia,Burma,Georgia,6198
Africa,Burundi,Georgia,156
Africa,Cameroon,Georgia,3
Africa,Central African Republic,Georgia,296
Africa,Chad,Georgia,4
East Asia,China,Georgia,11
Latin America/Caribbean,Colombia,Georgia,129
Africa,Congo,Georgia,13
Latin America/Caribbean,Cuba,Georgia,290
Africa,Dem. Rep. Congo,Georgia,2914
Latin America/Caribbean,Ecuador,Georgia,1
Latin America/Caribbean,El Salvador,Georgia,183
Africa,Eritrea,Georgia,920
Africa,Ethiopia,Georgia,433
Africa,Gambia,Georgia,1
Africa,Ghana,Georgia,4
Latin America/Caribbean,Guatemala,Georgia,13
Africa,Guinea,Georgia,2
Latin America/Caribbean,Honduras,Georgia,25
Near East/South Asia,India,Georgia,2
East Asia,Indonesia,Georgia,1
Near East/South Asia,Iran,Georgia,658
Near East/South Asia,Iraq,Georgia,1758
Africa,Ivory Coast,Georgia,16
Latin America/Caribbean,Jamaica,Georgia,4
Africa,Kenya,Georgia,4
East Asia,"Korea, North",Georgia,3
Near East/South Asia,Kuwait,Georgia,1
East Asia,Laos,Georgia,7
Africa,Liberia,Georgia,35
Europe,Moldova,Georgia,64
Europe,Mongolia,Georgia,2
Near East/South Asia,Nepal,Georgia,14
Africa,Niger,Georgia,1
Africa,Nigeria,Georgia,2
Near East/South Asia,Pakistan,Georgia,219
Near East/South Asia,Palestine,Georgia,160
Africa,Republic of South Sudan,Georgia,13
Europe,Russia,Georgia,25
Africa,Rwanda,Georgia,40
Africa,Sierra Leone,Georgia,3
Africa,Somalia,Georgia,1954
Near East/South Asia,Sri Lanka (Ceylon),Georgia,75
Africa,Sudan,Georgia,455
Near East/South Asia,Syria,Georgia,670
East Asia,Thailand,Georgia,3
Africa,Togo,Georgia,7
Near East/South Asia,Tunisia,Georgia,1
Near East/South Asia,Turkey,Georgia,1
Africa,Uganda,Georgia,20
Europe,Ukraine,Georgia,171
Europe,Uzbekistan,Georgia,5
Latin America/Caribbean,Venezuela,Georgia,1
East Asia,Vietnam,Georgia,32
Africa,Zimbabwe,Georgia,2
East Asia,Burma,Hawaii,13
East Asia,China,Hawaii,1
Near East/South Asia,Iraq,Hawaii,4
Europe,Ukraine,Hawaii,1
Near East/South Asia,Afghanistan,Idaho,277
Europe,Belarus,Idaho,9
Near East/South Asia,Bhutan,Idaho,942
Africa,Botswana,Idaho,1
East Asia,Burma,Idaho,1131
Africa,Burundi,Idaho,75
Africa,Cameroon,Idaho,1
Africa,Central African Republic,Idaho,38
Africa,Chad,Idaho,1
Latin America/Caribbean,Colombia,Idaho,46
Africa,Congo,Idaho,20
Latin America/Caribbean,Cuba,Idaho,15
Africa,Dem. Rep. Congo,Idaho,2253
Africa,Eritrea,Idaho,365
Africa,Ethiopia,Idaho,40
Africa,Guinea,Idaho,1
Africa,Guinea - Bissau,Idaho,4
Near East/South Asia,Iran,Idaho,180
Near East/South Asia,Iraq,Idaho,1039
Africa,Ivory Coast,Idaho,10
Africa,Kenya,Idaho,2
Africa,Liberia,Idaho,2
Africa,Mali,Idaho,2
Near East/South Asia,Nepal,Idaho,3
Near East/South Asia,Pakistan,Idaho,47
Near East/South Asia,Palestine,Idaho,44
Africa,Republic of South Sudan,Idaho,10
Europe,Russia,Idaho,24
Africa,Rwanda,Idaho,30
Africa,Sierra Leone,Idaho,2
Africa,Somalia,Idaho,602
Africa,Sudan,Idaho,278
Near East/South Asia,Syria,Idaho,228
Africa,Uganda,Idaho,2
Europe,Ukraine,Idaho,104
Europe,Uzbekistan,Idaho,39
Near East/South Asia,Afghanistan,Illinois,349
Near East/South Asia,Bangladesh,Illinois,1
Europe,Belarus,Illinois,15
Africa,Benin,Illinois,1
Near East/South Asia,Bhutan,Illinois,1957
Africa,Burkina Faso (UVolta),Illinois,1
East Asia,Burma,Illinois,5432
Africa,Burundi,Illinois,121
Africa,Cameroon,Illinois,3
Africa,Central African Republic,Illinois,153
East Asia,China,Illinois,9
Latin America/Caribbean,Colombia,Illinois,66
Africa,Congo,Illinois,37
Latin America/Caribbean,Cuba,Illinois,148
Africa,Dem. Rep. Congo,Illinois,2040
Near East/South Asia,Egypt,Illinois,5
Latin America/Caribbean,El Salvador,Illinois,17
Africa,Eritrea,Illinois,446
Africa,Ethiopia,Illinois,181
Africa,Gabon,Illinois,1
Africa,Gambia,Illinois,1
Africa,Guinea,Illinois,2
Latin America/Caribbean,Haiti,Illinois,5
Latin America/Caribbean,Honduras,Illinois,10
Near East/South Asia,Iran,Illinois,593
Near East/South Asia,Iraq,Illinois,5502
Africa,Ivory Coast,Illinois,36
Near East/South Asia,Jordan,Illinois,9
East Asia,"Korea, North",Illinois,15
Near East/South Asia,Kuwait,Illinois,10
Europe,Kyrgyzstan,Illinois,4
Europe,Latvia,Illinois,2
Near East/South Asia,Lebanon,Illinois,1
Africa,Liberia,Illinois,30
Africa,Mali,Illinois,5
Europe,Moldova,Illinois,77
Near East/South Asia,Nepal,Illinois,5
Near East/South Asia,Pakistan,Illinois,115
Near East/South Asia,Palestine,Illinois,103
Africa,Republic of South Sudan,Illinois,22
Europe,Russia,Illinois,41
Africa,Rwanda,Illinois,57
Africa,Senegal,Illinois,10
Africa,Sierra Leone,Illinois,3
Africa,Somalia,Illinois,488
Near East/South Asia,Sri Lanka (Ceylon),Illinois,13
Africa,Sudan,Illinois,377
Europe,Sweden,Illinois,1
Near East/South Asia,Syria,Illinois,1289
East Asia,Thailand,Illinois,1
Africa,Togo,Illinois,5
Europe,Turkmenistan,Illinois,1
Africa,Uganda,Illinois,30
Europe,Ukraine,Illinois,268
Europe,Uzbekistan,Illinois,21
East Asia,Vietnam,Illinois,25
Near East/South Asia,Yemen,Illinois,12
Africa,Zimbabwe,Illinois,8
Near East/South Asia,Afghanistan,Indiana,43
Near East/South Asia,Bhutan,Indiana,132
East Asia,Burma,Indiana,9610
Africa,Burundi,Indiana,30
East Asia,Cambodia,Indiana,1
Africa,Central African Republic,Indiana,27
Africa,Chad,Indiana,1
East Asia,China,Indiana,16
Latin America/Caribbean,Colombia,Indiana,5
Africa,Congo,Indiana,1
Latin America/Caribbean,Cuba,Indiana,29
Africa,Dem. Rep. Congo,Indiana,1013
Latin America/Caribbean,El Salvador,Indiana,16
Africa,Eritrea,Indiana,199
Africa,Ethiopia,Indiana,73
Latin America/Caribbean,Guatemala,Indiana,7
Africa,Guinea,Indiana,2
Latin America/Caribbean,Honduras,Indiana,3
East Asia,Indonesia,Indiana,4
Near East/South Asia,Iran,Indiana,40
Near East/South Asia,Iraq,Indiana,465
Africa,Ivory Coast,Indiana,1
Near East/South Asia,Jordan,Indiana,2
East Asia,"Korea, North",Indiana,1
Africa,Liberia,Indiana,5
East Asia,Malaysia,Indiana,1
Europe,Moldova,Indiana,24
Near East/South Asia,Pakistan,Indiana,15
Near East/South Asia,Palestine,Indiana,30
Europe,Russia,Indiana,11
Africa,Rwanda,Indiana,11
Africa,Somalia,Indiana,395
Africa,South Africa,Indiana,1
Near East/South Asia,Sri Lanka (Ceylon),Indiana,1
Africa,Sudan,Indiana,153
Near East/South Asia,Syria,Indiana,348
East Asia,Thailand,Indiana,1
Africa,Uganda,Indiana,2
Europe,Ukraine,Indiana,31
Near East/South Asia,Yemen,Indiana,2
Near East/South Asia,Afghanistan,Iowa,7
Near East/South Asia,Bhutan,Iowa,823
East Asia,Burma,Iowa,2422
Africa,Burundi,Iowa,48
Africa,Cameroon,Iowa,2
Africa,Central African Republic,Iowa,3
Latin America/Caribbean,Cuba,Iowa,10
Africa,Dem. Rep. Congo,Iowa,1241
Latin America/Caribbean,El Salvador,Iowa,8
Africa,Eritrea,Iowa,434
Africa,Ethiopia,Iowa,42
Latin America/Caribbean,Honduras,Iowa,1
Near East/South Asia,India,Iowa,1
Near East/South Asia,Iraq,Iowa,399
Africa,Kenya,Iowa,1
Africa,Liberia,Iowa,10
Near East/South Asia,Nepal,Iowa,4
Near East/South Asia,Pakistan,Iowa,18
East Asia,Philippines,Iowa,1
Africa,Republic of South Sudan,Iowa,12
Africa,Rwanda,Iowa,3
Africa,Somalia,Iowa,224
Africa,Sudan,Iowa,155
Near East/South Asia,Syria,Iowa,128
Africa,Togo,Iowa,5
East Asia,Vietnam,Iowa,9
Africa,Zimbabwe,Iowa,2
Near East/South Asia,Afghanistan,Kansas,40
Near East/South Asia,Bhutan,Kansas,507
East Asia,Burma,Kansas,1734
Africa,Burundi,Kansas,12
Africa,Central African Republic,Kansas,16
East Asia,China,Kansas,1
Latin America/Caribbean,Cuba,Kansas,66
Africa,Dem. Rep. Congo,Kansas,1187
Latin America/Caribbean,El Salvador,Kansas,3
Africa,Eritrea,Kansas,277
Africa,Ethiopia,Kansas,47
Near East/South Asia,Iran,Kansas,55
Near East/South Asia,Iraq,Kansas,297
Africa,Liberia,Kansas,2
Near East/South Asia,Nepal,Kansas,1
Africa,Nigeria,Kansas,1
Near East/South Asia,Pakistan,Kansas,6
Near East/South Asia,Palestine,Kansas,4
Africa,Republic of South Sudan,Kansas,6
Europe,Russia,Kansas,2
Africa,Somalia,Kansas,444
Africa,Sudan,Kansas,175
Near East/South Asia,Syria,Kansas,58
Africa,Uganda,Kansas,1
Europe,Ukraine,Kansas,8
Latin America/Caribbean,Venezuela,Kansas,5
East Asia,Vietnam,Kansas,18
Near East/South Asia,Afghanistan,Kentucky,131
Africa,Angola,Kentucky,2
Europe,Azerbaijan,Kentucky,7
Near East/South Asia,Bangladesh,Kentucky,1
Near East/South Asia,Bhutan,Kentucky,2121
East Asia,Burma,Kentucky,3523
Africa,Burundi,Kentucky,160
Africa,Cameroon,Kentucky,2
Africa,Central African Republic,Kentucky,7
East Asia,China,Kentucky,1
Africa,Congo,Kentucky,19
Latin America/Caribbean,Cuba,Kentucky,682
Africa,Dem. Rep. Congo,Kentucky,4060
Latin America/Caribbean,El Salvador,Kentucky,2
Africa,Eritrea,Kentucky,139
Africa,Ethiopia,Kentucky,54
Africa,Gabon,Kentucky,1
Near East/South Asia,Iran,Kentucky,40
Near East/South Asia,Iraq,Kentucky,2042
Africa,Ivory Coast,Kentucky,24
Near East/South Asia,Jordan,Kentucky,1
Africa,Kenya,Kentucky,7
East Asia,"Korea, North",Kentucky,9
Near East/South Asia,Lebanon,Kentucky,3
Africa,Liberia,Kentucky,11
Europe,Moldova,Kentucky,5
Near East/South Asia,Nepal,Kentucky,15
East Asia,New Zealand,Kentucky,5
Africa,Nigeria,Kentucky,1
Near East/South Asia,Pakistan,Kentucky,106
Near East/South Asia,Palestine,Kentucky,90
Europe,Russia,Kentucky,12
Africa,Rwanda,Kentucky,67
Africa,Senegal,Kentucky,1
Africa,Somalia,Kentucky,2083
Near East/South Asia,Sri Lanka (Ceylon),Kentucky,18
Africa,Sudan,Kentucky,214
Near East/South Asia,Syria,Kentucky,510
Africa,Tanzania,Kentucky,1
Near East/South Asia,Tunisia,Kentucky,1
Africa,Uganda,Kentucky,1
Europe,Ukraine,Kentucky,157
Europe,Uzbekistan,Kentucky,6
East Asia,Vietnam,Kentucky,13
Near East/South Asia,Afghanistan,Louisiana,45
Near East/South Asia,Bhutan,Louisiana,44
East Asia,Burma,Louisiana,483
Africa,Burundi,Louisiana,4
Africa,Central African Republic,Louisiana,16
East Asia,China,Louisiana,1
Latin America/Caribbean,Colombia,Louisiana,32
Africa,Congo,Louisiana,4
Latin America/Caribbean,Cuba,Louisiana,156
Africa,Dem. Rep. Congo,Louisiana,121
Latin America/Caribbean,El Salvador,Louisiana,2
Africa,Eritrea,Louisiana,85
Africa,Ethiopia,Louisiana,25
Latin America/Caribbean,Guatemala,Louisiana,1
Latin America/Caribbean,Honduras,Louisiana,3
Near East/South Asia,Iran,Louisiana,3
Near East/South Asia,Iraq,Louisiana,383
Near East/South Asia,Kuwait,Louisiana,3
Africa,Liberia,Louisiana,1
Near East/South Asia,Pakistan,Louisiana,2
Africa,Somalia,Louisiana,47
Africa,Sudan,Louisiana,28
Near East/South Asia,Syria,Louisiana,105
East Asia,Vietnam,Louisiana,8
Near East/South Asia,Yemen,Louisiana,1
Near East/South Asia,Afghanistan,Maine,52
East Asia,Burma,Maine,35
Africa,Burundi,Maine,33
Africa,Central African Republic,Maine,9
Latin America/Caribbean,Cuba,Maine,3
Africa,Dem. Rep. Congo,Maine,415
Africa,Eritrea,Maine,35
Africa,Ethiopia,Maine,55
Latin America/Caribbean,Honduras,Maine,6
Near East/South Asia,Iran,Maine,20
Near East/South Asia,Iraq,Maine,994
Africa,Kenya,Maine,2
Africa,Republic of South Sudan,Maine,1
Europe,Russia,Maine,4
Africa,Rwanda,Maine,1
Africa,Somalia,Maine,1056
Africa,Sudan,Maine,52
Near East/South Asia,Syria,Maine,78
Europe,Ukraine,Maine,2
Europe,Uzbekistan,Maine,3
East Asia,Vietnam,Maine,5
Near East/South Asia,Afghanistan,Maryland,234
Europe,Azerbaijan,Maryland,5
Europe,Belarus,Maryland,16
Near East/South Asia,Bhutan,Maryland,1596
East Asia,Burma,Maryland,2683
Africa,Burundi,Maryland,66
East Asia,Cambodia,Maryland,7
Africa,Cameroon,Maryland,3
Africa,Central African Republic,Maryland,60
Africa,Chad,Maryland,1
East Asia,China,Maryland,4
Latin America/Caribbean,Colombia,Maryland,68
Africa,Congo,Maryland,6
Latin America/Caribbean,Cuba,Maryland,73
Africa,Dem. Rep. Congo,Maryland,1327
Near East/South Asia,Egypt,Maryland,3
Latin America/Caribbean,El Salvador,Maryland,307
Africa,Eritrea,Maryland,1191
Africa,Ethiopia,Maryland,336
Africa,Gambia,Maryland,4
Africa,Ghana,Maryland,2
Latin America/Caribbean,Guatemala,Maryland,32
Africa,Guinea,Maryland,1
Latin America/Caribbean,Honduras,Maryland,28
East Asia,Indonesia,Maryland,1
Near East/South Asia,Iran,Maryland,389
Near East/South Asia,Iraq,Maryland,1303
Africa,Ivory Coast,Maryland,17
Europe,Kazakhstan,Maryland,2
East Asia,"Korea, North",Maryland,5
Europe,Kyrgyzstan,Maryland,4
East Asia,Laos,Maryland,1
Africa,Liberia,Maryland,9
Africa,Mauritania,Maryland,4
Europe,Moldova,Maryland,9
Near East/South Asia,Nepal,Maryland,3
Near East/South Asia,Pakistan,Maryland,180
Near East/South Asia,Palestine,Maryland,27
Africa,Republic of South Sudan,Maryland,16
Europe,Russia,Maryland,41
Africa,Rwanda,Maryland,6
Africa,Sierra Leone,Maryland,12
Africa,Somalia,Maryland,182
Near East/South Asia,Sri Lanka (Ceylon),Maryland,20
Africa,Sudan,Maryland,400
Near East/South Asia,Syria,Maryland,628
East Asia,Tibet,Maryland,4
Africa,Uganda,Maryland,8
Europe,Ukraine,Maryland,46
East Asia,Vietnam,Maryland,3
Near East/South Asia,Yemen,Maryland,10
Near East/South Asia,Afghanistan,Massachusetts,161
Near East/South Asia,Bangladesh,Massachusetts,1
Europe,Belarus,Massachusetts,45
Near East/South Asia,Bhutan,Massachusetts,2604
East Asia,Burma,Massachusetts,1015
Africa,Burundi,Massachusetts,107
East Asia,Cambodia,Massachusetts,7
Africa,Cameroon,Massachusetts,2
Africa,Central African Republic,Massachusetts,146
Africa,Chad,Massachusetts,5
East Asia,China,Massachusetts,16
Latin America/Caribbean,Colombia,Massachusetts,25
Africa,Congo,Massachusetts,7
Latin America/Caribbean,Cuba,Massachusetts,39
Africa,Dem. Rep. Congo,Massachusetts,1507
Near East/South Asia,Egypt,Massachusetts,2
Latin America/Caribbean,El Salvador,Massachusetts,154
Africa,Eritrea,Massachusetts,446
Africa,Ethiopia,Massachusetts,145
Africa,Gambia,Massachusetts,11
Latin America/Caribbean,Guatemala,Massachusetts,20
Africa,Guinea,Massachusetts,5
Latin America/Caribbean,Honduras,Massachusetts,7
Near East/South Asia,India,Massachusetts,2
Near East/South Asia,Iran,Massachusetts,102
Near East/South Asia,Iraq,Massachusetts,3731
Africa,Ivory Coast,Massachusetts,9
Latin America/Caribbean,Jamaica,Massachusetts,2
Near East/South Asia,Jordan,Massachusetts,4
Europe,Kazakhstan,Massachusetts,43
Near East/South Asia,Kuwait,Massachusetts,1
Europe,Kyrgyzstan,Massachusetts,35
Africa,Liberia,Massachusetts,21
Europe,Lithuania,Massachusetts,3
Africa,Mali,Massachusetts,6
Europe,Moldova,Massachusetts,223
Near East/South Asia,Morocco,Massachusetts,1
Near East/South Asia,Nepal,Massachusetts,4
Africa,Nigeria,Massachusetts,1
Near East/South Asia,Pakistan,Massachusetts,19
Near East/South Asia,Palestine,Massachusetts,16
Africa,Republic of South Sudan,Massachusetts,26
Europe,Russia,Massachusetts,93
Africa,Rwanda,Massachusetts,34
Africa,Senegal,Massachusetts,7
Africa,Sierra Leone,Massachusetts,11
Africa,Somalia,Massachusetts,1863
Near East/South Asia,Sri Lanka (Ceylon),Massachusetts,10
Africa,Sudan,Massachusetts,208
Near East/South Asia,Syria,Massachusetts,357
Africa,Togo,Massachusetts,13
Near East/South Asia,Tunisia,Massachusetts,1
Europe,Turkmenistan,Massachusetts,1
Africa,Uganda,Massachusetts,21
Europe,Ukraine,Massachusetts,466
Europe,Uzbekistan,Massachusetts,5
East Asia,Vietnam,Massachusetts,41
Near East/South Asia,Yemen,Massachusetts,4
Africa,Zimbabwe,Massachusetts,2
Near East/South Asia,Afghanistan,Michigan,478
Near East/South Asia,Bhutan,Michigan,1668
East Asia,Burma,Michigan,3566
Africa,Burundi,Michigan,188
Africa,Cameroon,Michigan,9
Africa,Central African Republic,Michigan,41
Africa,Chad,Michigan,1
East Asia,China,Michigan,1
Latin America/Caribbean,Colombia,Michigan,19
Africa,Congo,Michigan,13
Latin America/Caribbean,Cuba,Michigan,135
Africa,Dem. Rep. Congo,Michigan,2912
Near East/South Asia,Egypt,Michigan,1
Latin America/Caribbean,El Salvador,Michigan,4
Africa,Eritrea,Michigan,349
Africa,Ethiopia,Michigan,73
Africa,Gabon,Michigan,1
Africa,Guinea,Michigan,3
East Asia,Indonesia,Michigan,4
Near East/South Asia,Iran,Michigan,99
Near East/South Asia,Iraq,Michigan,15195
Near East/South Asia,Israel,Michigan,1
Africa,Ivory Coast,Michigan,18
Africa,Kenya,Michigan,1
East Asia,"Korea, North",Michigan,1
East Asia,Laos,Michigan,1
Africa,Liberia,Michigan,2
East Asia,Malaysia,Michigan,1
Europe,Moldova,Michigan,8
Near East/South Asia,Nepal,Michigan,12
Africa,Nigeria,Michigan,2
Near East/South Asia,Pakistan,Michigan,35
Near East/South Asia,Palestine,Michigan,22
Africa,Republic of South Sudan,Michigan,37
Europe,Russia,Michigan,1
Africa,Rwanda,Michigan,58
Near East/South Asia,Saudi Arabia,Michigan,2
Africa,Senegal,Michigan,9
Africa,Sierra Leone,Michigan,2
Africa,Somalia,Michigan,1342
Near East/South Asia,Sri Lanka (Ceylon),Michigan,30
Africa,Sudan,Michigan,364
Europe,Sweden,Michigan,1
Near East/South Asia,Syria,Michigan,2300
Near East/South Asia,Tunisia,Michigan,2
Africa,Uganda,Michigan,1
Europe,Ukraine,Michigan,107
Europe,Uzbekistan,Michigan,10
East Asia,Vietnam,Michigan,11
Near East/South Asia,Yemen,Michigan,13
Africa,Zimbabwe,Michigan,7
Near East/South Asia,Afghanistan,Minnesota,4
Europe,Armenia,Minnesota,2
Europe,Belarus,Minnesota,123
Near East/South Asia,Bhutan,Minnesota,1005
East Asia,Burma,Minnesota,6619
Africa,Burundi,Minnesota,9
East Asia,Cambodia,Minnesota,15
East Asia,China,Minnesota,3
Africa,Congo,Minnesota,19
Latin America/Caribbean,Cuba,Minnesota,13
Africa,Dem. Rep. Congo,Minnesota,488
Africa,Djibouti,Minnesota,3
Latin America/Caribbean,El Salvador,Minnesota,30
Africa,Eritrea,Minnesota,233
Africa,Ethiopia,Minnesota,972
Latin America/Caribbean,Guatemala,Minnesota,1
Near East/South Asia,Iran,Minnesota,42
Near East/South Asia,Iraq,Minnesota,985
Europe,Kazakhstan,Minnesota,20
Africa,Kenya,Minnesota,15
Near East/South Asia,Kuwait,Minnesota,1
Europe,Kyrgyzstan,Minnesota,2
East Asia,Laos,Minnesota,89
Africa,Liberia,Minnesota,66
Europe,Moldova,Minnesota,123
Near East/South Asia,Nepal,Minnesota,3
Near East/South Asia,Palestine,Minnesota,25
Africa,Republic of South Sudan,Minnesota,1
Europe,Russia,Minnesota,60
Africa,Rwanda,Minnesota,9
Near East/South Asia,Saudi Arabia,Minnesota,3
Africa,Senegal,Minnesota,1
Africa,Sierra Leone,Minnesota,2
Africa,Somalia,Minnesota,6583
Near East/South Asia,Sri Lanka (Ceylon),Minnesota,19
Africa,Sudan,Minnesota,101
Near East/South Asia,Syria,Minnesota,54
Africa,Tanzania,Minnesota,1
East Asia,Thailand,Minnesota,1
Africa,Togo,Minnesota,1
Europe,Ukraine,Minnesota,329
Europe,Uzbekistan,Minnesota,6
East Asia,Vietnam,Minnesota,10
Near East/South Asia,Yemen,Minnesota,2
Near East/South Asia,Afghanistan,Mississippi,14
East Asia,Burma,Mississippi,12
Latin America/Caribbean,Cuba,Mississippi,1
Africa,Dem. Rep. Congo,Mississippi,12
Africa,Eritrea,Mississippi,29
Latin America/Caribbean,Guatemala,Mississippi,3
Africa,Guinea,Mississippi,1
Near East/South Asia,Iran,Mississippi,1
Near East/South Asia,Iraq,Mississippi,1
Africa,Republic of South Sudan,Mississippi,1
Africa,Somalia,Mississippi,2
Near East/South Asia,Afghanistan,Missouri,201
Near East/South Asia,Bhutan,Missouri,1182
East Asia,Burma,Missouri,1780
Africa,Burundi,Missouri,32
Africa,Central African Republic,Missouri,39
Latin America/Caribbean,Colombia,Missouri,23
Africa,Congo,Missouri,2
Latin America/Caribbean,Cuba,Missouri,365
Africa,Dem. Rep. Congo,Missouri,2242
Latin America/Caribbean,El Salvador,Missouri,1
Africa,Eritrea,Missouri,455
Africa,Ethiopia,Missouri,225
Near East/South Asia,Iran,Missouri,61
Near East/South Asia,Iraq,Missouri,1451
Europe,Kyrgyzstan,Missouri,5
Africa,Liberia,Missouri,7
Africa,Mauritania,Missouri,5
Europe,Moldova,Missouri,16
Near East/South Asia,Nepal,Missouri,3
Africa,Nigeria,Missouri,4
Near East/South Asia,Pakistan,Missouri,13
Near East/South Asia,Palestine,Missouri,2
Africa,Republic of South Sudan,Missouri,33
Europe,Russia,Missouri,36
Africa,Rwanda,Missouri,15
Africa,Sierra Leone,Missouri,10
Africa,Somalia,Missouri,2207
Africa,Sudan,Missouri,322
Near East/South Asia,Syria,Missouri,547
Africa,Togo,Missouri,8
Africa,Uganda,Missouri,3
Europe,Ukraine,Missouri,189
Europe,Uzbekistan,Missouri,7
East Asia,Vietnam,Missouri,9
Near East/South Asia,Yemen,Missouri,2
Africa,Dem. Rep. Congo,Montana,197
Africa,Eritrea,Montana,89
Africa,Ethiopia,Montana,7
Near East/South Asia,Iraq,Montana,17
Near East/South Asia,Syria,Montana,22
Near East/South Asia,Afghanistan,Nebraska,30
Near East/South Asia,Bhutan,Nebraska,1610
East Asia,Burma,Nebraska,4078
Africa,Burundi,Nebraska,13
Africa,Congo,Nebraska,6
Latin America/Caribbean,Cuba,Nebraska,34
Africa,Dem. Rep. Congo,Nebraska,214
Latin America/Caribbean,El Salvador,Nebraska,20
Africa,Eritrea,Nebraska,13
Africa,Ethiopia,Nebraska,49
Near East/South Asia,India,Nebraska,2
Near East/South Asia,Iran,Nebraska,116
Near East/South Asia,Iraq,Nebraska,1336
Africa,Ivory Coast,Nebraska,6
Africa,Kenya,Nebraska,1
Africa,Liberia,Nebraska,2
Near East/South Asia,Nepal,Nebraska,6
Near East/South Asia,Palestine,Nebraska,13
Africa,Republic of South Sudan,Nebraska,68
Europe,Russia,Nebraska,1
Africa,Somalia,Nebraska,497
Africa,Sudan,Nebraska,351
Near East/South Asia,Syria,Nebraska,213
East Asia,Thailand,Nebraska,3
Africa,Togo,Nebraska,5
Europe,Ukraine,Nebraska,175
East Asia,Vietnam,Nebraska,28
Africa,Zimbabwe,Nebraska,2
Near East/South Asia,Afghanistan,Nevada,110
Europe,Azerbaijan,Nevada,17
Near East/South Asia,Bhutan,Nevada,163
Africa,Burkina Faso (UVolta),Nevada,1
East Asia,Burma,Nevada,237
Africa,Burundi,Nevada,57
Africa,Cameroon,Nevada,14
Africa,Central African Republic,Nevada,3
East Asia,China,Nevada,12
Latin America/Caribbean,Colombia,Nevada,67
Africa,Congo,Nevada,3
Latin America/Caribbean,Cuba,Nevada,833
Africa,Dem. Rep. Congo,Nevada,848
Latin America/Caribbean,El Salvador,Nevada,21
Africa,Eritrea,Nevada,487
Africa,Ethiopia,Nevada,108
Africa,Gambia,Nevada,1
Latin America/Caribbean,Guatemala,Nevada,2
Near East/South Asia,Iran,Nevada,414
Near East/South Asia,Iraq,Nevada,493
Africa,Ivory Coast,Nevada,11
Africa,Niger,Nevada,1
Near East/South Asia,Pakistan,Nevada,56
Near East/South Asia,Palestine,Nevada,5
Africa,Rwanda,Nevada,20
Africa,Senegal,Nevada,11
Africa,Somalia,Nevada,354
Africa,Sudan,Nevada,87
Near East/South Asia,Syria,Nevada,151
Africa,Togo,Nevada,4
Africa,Uganda,Nevada,1
East Asia,Vietnam,Nevada,5
Near East/South Asia,Afghanistan,New Hampshire,6
Near East/South Asia,Bhutan,New Hampshire,1372
Africa,Burkina Faso (UVolta),New Hampshire,1
East Asia,Burma,New Hampshire,355
Africa,Burundi,New Hampshire,82
Africa,Cameroon,New Hampshire,4
Africa,Congo,New Hampshire,3
Africa,Dem. Rep. Congo,New Hampshire,1160
Latin America/Caribbean,El Salvador,New Hampshire,1
Africa,Eritrea,New Hampshire,12
Near East/South Asia,Iran,New Hampshire,2
Near East/South Asia,Iraq,New Hampshire,372
Near East/South Asia,Nepal,New Hampshire,2
Near East/South Asia,Pakistan,New Hampshire,8
Africa,Rwanda,New Hampshire,29
Africa,Senegal,New Hampshire,6
Africa,Somalia,New Hampshire,149
Africa,Sudan,New Hampshire,66
Near East/South Asia,Syria,New Hampshire,24
Europe,Ukraine,New Hampshire,6
Near East/South Asia,Yemen,New Hampshire,3
Near East/South Asia,Afghanistan,New Jersey,62
Near East/South Asia,Bangladesh,New Jersey,1
Near East/South Asia,Bhutan,New Jersey,121
East Asia,Burma,New Jersey,409
Africa,Burundi,New Jersey,18
East Asia,China,New Jersey,12
Latin America/Caribbean,Colombia,New Jersey,52
Latin America/Caribbean,Cuba,New Jersey,839
Africa,Dem. Rep. Congo,New Jersey,253
Near East/South Asia,Egypt,New Jersey,6
Latin America/Caribbean,El Salvador,New Jersey,89
Africa,Eritrea,New Jersey,92
Africa,Ethiopia,New Jersey,32
Latin America/Caribbean,Guatemala,New Jersey,21
Africa,Guinea,New Jersey,1
Latin America/Caribbean,Honduras,New Jersey,28
Near East/South Asia,Iran,New Jersey,37
Near East/South Asia,Iraq,New Jersey,580
Africa,Ivory Coast,New Jersey,14
Latin America/Caribbean,Jamaica,New Jersey,2
Europe,Kazakhstan,New Jersey,1
Europe,Kyrgyzstan,New Jersey,7
Africa,Liberia,New Jersey,21
Europe,Moldova,New Jersey,12
Near East/South Asia,Pakistan,New Jersey,98
Near East/South Asia,Palestine,New Jersey,6
Europe,Russia,New Jersey,53
Africa,Rwanda,New Jersey,7
Africa,Sierra Leone,New Jersey,1
Africa,Somalia,New Jersey,26
Near East/South Asia,Sri Lanka (Ceylon),New Jersey,31
Africa,Sudan,New Jersey,128
Near East/South Asia,Syria,New Jersey,561
Africa,Uganda,New Jersey,3
Europe,Ukraine,New Jersey,98
Latin America/Caribbean,Venezuela,New Jersey,1
East Asia,Vietnam,New Jersey,5
Near East/South Asia,Afghanistan,New Mexico,223
Near East/South Asia,Bhutan,New Mexico,89
East Asia,Burma,New Mexico,178
Africa,Burundi,New Mexico,89
Africa,Central African Republic,New Mexico,30
Latin America/Caribbean,Colombia,New Mexico,22
Africa,Congo,New Mexico,3
Latin America/Caribbean,Cuba,New Mexico,143
Africa,Dem. Rep. Congo,New Mexico,424
Africa,Eritrea,New Mexico,3
Latin America/Caribbean,Honduras,New Mexico,2
Near East/South Asia,India,New Mexico,1
Near East/South Asia,Iran,New Mexico,35
Near East/South Asia,Iraq,New Mexico,353
Africa,Ivory Coast,New Mexico,2
Near East/South Asia,Pakistan,New Mexico,6
Near East/South Asia,Palestine,New Mexico,4
Africa,Republic of South Sudan,New Mexico,2
Europe,Russia,New Mexico,1
Africa,Rwanda,New Mexico,2
Africa,Sierra Leone,New Mexico,1
Africa,Somalia,New Mexico,166
Africa,Sudan,New Mexico,11
Near East/South Asia,Syria,New Mexico,53
Europe,Ukraine,New Mexico,5
East Asia,Vietnam,New Mexico,3
Africa,Zimbabwe,New Mexico,1
Near East/South Asia,Afghanistan,New York,885
Near East/South Asia,Algeria,New York,1
Africa,Angola,New York,8
Europe,Armenia,New York,1
Europe,Azerbaijan,New York,70
Europe,Belarus,New York,103
Near East/South Asia,Bhutan,New York,5970
East Asia,Burma,New York,8984
Africa,Burundi,New York,188
East Asia,Cambodia,New York,19
Africa,Cameroon,New York,9
Africa,Central African Republic,New York,106
Africa,Chad,New York,7
East Asia,China,New York,125
Latin America/Caribbean,Colombia,New York,71
Africa,Congo,New York,59
Latin America/Caribbean,Cuba,New York,336
Africa,Dem. Rep. Congo,New York,3490
Near East/South Asia,Egypt,New York,6
Latin America/Caribbean,El Salvador,New York,162
Africa,Eritrea,New York,792
Africa,Ethiopia,New York,215
Africa,Gabon,New York,2
Africa,Gambia,New York,1
Europe,Georgia,New York,1
Latin America/Caribbean,Guatemala,New York,5
Latin America/Caribbean,Honduras,New York,19
Near East/South Asia,India,New York,3
East Asia,Indonesia,New York,1
Near East/South Asia,Iran,New York,251
Near East/South Asia,Iraq,New York,3415
Africa,Ivory Coast,New York,19
Latin America/Caribbean,Jamaica,New York,1
Near East/South Asia,Jordan,New York,4
Europe,Kazakhstan,New York,9
Africa,Kenya,New York,2
East Asia,"Korea, North",New York,3
Near East/South Asia,Kuwait,New York,23
Europe,Kyrgyzstan,New York,16
Europe,Latvia,New York,2
Africa,Liberia,New York,62
Near East/South Asia,Libya,New York,1
Europe,Moldova,New York,44
Near East/South Asia,Nepal,New York,34
Africa,Niger,New York,4
Europe,Norway,New York,1
Near East/South Asia,Pakistan,New York,203
Near East/South Asia,Palestine,New York,175
East Asia,Philippines,New York,1
Africa,Republic of South Sudan,New York,31
Europe,Russia,New York,296
Africa,Rwanda,New York,66
Africa,Senegal,New York,2
Africa,Sierra Leone,New York,16
Africa,Somalia,New York,4232
Near East/South Asia,Sri Lanka (Ceylon),New York,32
Africa,Sudan,New York,701
Near East/South Asia,Syria,New York,1147
Europe,Tajikistan,New York,2
East Asia,Thailand,New York,5
East Asia,Tibet,New York,2
Europe,Turkmenistan,New York,3
Africa,Uganda,New York,19
Europe,Ukraine,New York,1384
Europe,Uzbekistan,New York,93
East Asia,Vietnam,New York,26
Near East/South Asia,Yemen,New York,10
Africa,Zimbabwe,New York,2
Near East/South Asia,Afghanistan,North Carolina,367
Europe,Azerbaijan,North Carolina,3
Europe,Belarus,North Carolina,16
Near East/South Asia,Bhutan,North Carolina,2919
East Asia,Burma,North Carolina,6111
Africa,Burundi,North Carolina,89
East Asia,Cambodia,North Carolina,10
Africa,Cameroon,North Carolina,1
Africa,Central African Republic,North Carolina,155
Africa,Chad,North Carolina,35
East Asia,China,North Carolina,3
Latin America/Caribbean,Colombia,North Carolina,181
Africa,Congo,North Carolina,27
Latin America/Caribbean,Cuba,North Carolina,451
Africa,Dem. Rep. Congo,North Carolina,3308
Near East/South Asia,Egypt,North Carolina,2
Latin America/Caribbean,El Salvador,North Carolina,128
Africa,Eritrea,North Carolina,795
Africa,Ethiopia,North Carolina,282
Africa,Gabon,North Carolina,2
Latin America/Caribbean,Guatemala,North Carolina,4
Africa,Guinea,North Carolina,2
Latin America/Caribbean,Honduras,North Carolina,25
Near East/South Asia,India,North Carolina,2
Near East/South Asia,Iran,North Carolina,150
Near East/South Asia,Iraq,North Carolina,1644
Africa,Ivory Coast,North Carolina,7
Latin America/Caribbean,Jamaica,North Carolina,1
Near East/South Asia,Jordan,North Carolina,1
Europe,Kazakhstan,North Carolina,17
Near East/South Asia,Kuwait,North Carolina,10
East Asia,Laos,North Carolina,17
Europe,Latvia,North Carolina,3
Africa,Liberia,North Carolina,18
Near East/South Asia,Libya,North Carolina,5
Africa,Mali,North Carolina,2
Europe,Moldova,North Carolina,200
Near East/South Asia,Nepal,North Carolina,16
Africa,Nigeria,North Carolina,4
Near East/South Asia,Pakistan,North Carolina,170
Africa,Republic of South Sudan,North Carolina,10
Europe,Russia,North Carolina,50
Africa,Rwanda,North Carolina,46
Africa,Senegal,North Carolina,6
Africa,Sierra Leone,North Carolina,1
Africa,Somalia,North Carolina,1298
Near East/South Asia,Sri Lanka (Ceylon),North Carolina,11
Africa,Sudan,North Carolina,430
Near East/South Asia,Syria,North Carolina,944
East Asia,Thailand,North Carolina,1
Africa,Togo,North Carolina,11
Africa,Uganda,North Carolina,18
Europe,Ukraine,North Carolina,457
East Asia,Vietnam,North Carolina,346
Near East/South Asia,Yemen,North Carolina,6
Africa,Zimbabwe,North Carolina,10
Near East/South Asia,Afghanistan,North Dakota,43
Africa,Angola,North Dakota,1
Near East/South Asia,Bhutan,North Dakota,2065
East Asia,Burma,North Dakota,23
Africa,Burundi,North Dakota,7
East Asia,Cambodia,North Dakota,9
Africa,Chad,North Dakota,10
Latin America/Caribbean,Colombia,North Dakota,4
Africa,Dem. Rep. Congo,North Dakota,408
Africa,Eritrea,North Dakota,57
Africa,Ethiopia,North Dakota,44
Africa,Guinea,North Dakota,2
Near East/South Asia,Iran,North Dakota,15
Near East/South Asia,Iraq,North Dakota,630
Africa,Ivory Coast,North Dakota,1
Africa,Liberia,North Dakota,6
Africa,Mali,North Dakota,1
Near East/South Asia,Nepal,North Dakota,2
Near East/South Asia,Pakistan,North Dakota,1
Africa,Republic of South Sudan,North Dakota,1
Africa,Rwanda,North Dakota,12
Africa,Somalia,North Dakota,607
Africa,Sudan,North Dakota,65
Near East/South Asia,Syria,North Dakota,10
Europe,Ukraine,North Dakota,26
Near East/South Asia,Afghanistan,Ohio,292
Europe,Armenia,Ohio,4
Europe,Belarus,Ohio,9
Near East/South Asia,Bhutan,Ohio,8733
East Asia,Burma,Ohio,1712
Africa,Burundi,Ohio,156
Africa,Central African Republic,Ohio,51
East Asia,China,Ohio,2
Latin America/Caribbean,Colombia,Ohio,71
Africa,Congo,Ohio,29
Latin America/Caribbean,Cuba,Ohio,29
Africa,Dem. Rep. Congo,Ohio,3244
Latin America/Caribbean,El Salvador,Ohio,25
Africa,Eritrea,Ohio,780
Africa,Ethiopia,Ohio,241
Europe,Georgia,Ohio,10
Africa,Ghana,Ohio,1
Africa,Guinea,Ohio,6
Latin America/Caribbean,Honduras,Ohio,1
Near East/South Asia,India,Ohio,1
Near East/South Asia,Iran,Ohio,86
Near East/South Asia,Iraq,Ohio,2568
Africa,Ivory Coast,Ohio,6
Near East/South Asia,Jordan,Ohio,2
Europe,Kazakhstan,Ohio,3
Africa,Kenya,Ohio,2
Europe,Kyrgyzstan,Ohio,2
Near East/South Asia,Lebanon,Ohio,2
Africa,Liberia,Ohio,7
Africa,Mali,Ohio,2
Africa,Mauritania,Ohio,14
Europe,Moldova,Ohio,9
Europe,Mongolia,Ohio,2
Near East/South Asia,Nepal,Ohio,18
Near East/South Asia,Pakistan,Ohio,102
Near East/South Asia,Palestine,Ohio,60
Africa,Republic of South Sudan,Ohio,19
Europe,Russia,Ohio,27
Africa,Rwanda,Ohio,74
Near East/South Asia,Saudi Arabia,Ohio,1
Africa,Sierra Leone,Ohio,1
Africa,Somalia,Ohio,3239
Near East/South Asia,Sri Lanka (Ceylon),Ohio,2
Africa,Sudan,Ohio,434
Near East/South Asia,Syria,Ohio,941
Africa,Tanzania,Ohio,1
Africa,Togo,Ohio,7
Near East/South Asia,Tunisia,Ohio,1
Near East/South Asia,Turkey,Ohio,3
Africa,Uganda,Ohio,40
Europe,Ukraine,Ohio,763
Europe,Uzbekistan,Ohio,78
East Asia,Vietnam,Ohio,16
Near East/South Asia,Yemen,Ohio,8
Africa,Zimbabwe,Ohio,10
Near East/South Asia,Afghanistan,Oklahoma,10
Europe,Belarus,Oklahoma,1
East Asia,Burma,Oklahoma,2410
Latin America/Caribbean,Cuba,Oklahoma,8
Africa,Dem. Rep. Congo,Oklahoma,46
Africa,Eritrea,Oklahoma,65
Africa,Ethiopia,Oklahoma,2
Latin America/Caribbean,Honduras,Oklahoma,6
Near East/South Asia,Iran,Oklahoma,21
Near East/South Asia,Iraq,Oklahoma,217
Europe,Kyrgyzstan,Oklahoma,7
Africa,Liberia,Oklahoma,1
East Asia,Malaysia,Oklahoma,3
Europe,Moldova,Oklahoma,4
Europe,Russia,Oklahoma,47
Africa,Somalia,Oklahoma,24
Africa,Sudan,Oklahoma,26
Near East/South Asia,Syria,Oklahoma,33
Europe,Ukraine,Oklahoma,57
East Asia,Vietnam,Oklahoma,36
Near East/South Asia,Afghanistan,Oregon,148
Europe,Armenia,Oregon,6
Europe,Belarus,Oregon,28
Near East/South Asia,Bhutan,Oregon,760
East Asia,Burma,Oregon,1513
Africa,Burundi,Oregon,19
Africa,Central African Republic,Oregon,34
Africa,Chad,Oregon,1
East Asia,China,Oregon,7
Latin America/Caribbean,Colombia,Oregon,9
Africa,Congo,Oregon,2
Europe,Croatia,Oregon,3
Latin America/Caribbean,Cuba,Oregon,41
Africa,Dem. Rep. Congo,Oregon,669
Near East/South Asia,Egypt,Oregon,2
Latin America/Caribbean,El Salvador,Oregon,16
Africa,Eritrea,Oregon,154
Europe,Estonia,Oregon,1
Africa,Ethiopia,Oregon,88
Europe,Georgia,Oregon,4
Latin America/Caribbean,Guatemala,Oregon,2
Near East/South Asia,Iran,Oregon,214
Near East/South Asia,Iraq,Oregon,1409
Africa,Ivory Coast,Oregon,5
Near East/South Asia,Jordan,Oregon,1
Europe,Kazakhstan,Oregon,14
East Asia,"Korea, North",Oregon,1
Europe,Kyrgyzstan,Oregon,33
Europe,Moldova,Oregon,169
Near East/South Asia,Pakistan,Oregon,9
Near East/South Asia,Palestine,Oregon,13
Africa,Republic of South Sudan,Oregon,8
Europe,Russia,Oregon,230
Africa,Rwanda,Oregon,14
Africa,Somalia,Oregon,1382
Near East/South Asia,Sri Lanka (Ceylon),Oregon,2
Africa,Sudan,Oregon,48
Near East/South Asia,Syria,Oregon,146
East Asia,Thailand,Oregon,4
Africa,Uganda,Oregon,5
Europe,Ukraine,Oregon,1452
Europe,Uzbekistan,Oregon,23
East Asia,Vietnam,Oregon,20
Near East/South Asia,Afghanistan,Pennsylvania,179
Europe,Armenia,Pennsylvania,6
Near East/South Asia,Bangladesh,Pennsylvania,2
Europe,Belarus,Pennsylvania,77
Near East/South Asia,Bhutan,Pennsylvania,9196
East Asia,Burma,Pennsylvania,2656
Africa,Burundi,Pennsylvania,62
Africa,Cameroon,Pennsylvania,4
Africa,Central African Republic,Pennsylvania,70
East Asia,China,Pennsylvania,10
Latin America/Caribbean,Colombia,Pennsylvania,37
Africa,Congo,Pennsylvania,17
Latin America/Caribbean,Cuba,Pennsylvania,220
Africa,Dem. Rep. Congo,Pennsylvania,2859
Near East/South Asia,Egypt,Pennsylvania,5
Latin America/Caribbean,El Salvador,Pennsylvania,5
Africa,Eritrea,Pennsylvania,557
Africa,Ethiopia,Pennsylvania,197
Africa,Gambia,Pennsylvania,1
Africa,Ghana,Pennsylvania,1
Africa,Guinea,Pennsylvania,2
Near East/South Asia,India,Pennsylvania,4
East Asia,Indonesia,Pennsylvania,2
Near East/South Asia,Iran,Pennsylvania,66
Near East/South Asia,Iraq,Pennsylvania,2076
Africa,Ivory Coast,Pennsylvania,39
Near East/South Asia,Jordan,Pennsylvania,1
Europe,Kazakhstan,Pennsylvania,45
Africa,Kenya,Pennsylvania,3
Europe,Kyrgyzstan,Pennsylvania,11
Africa,Liberia,Pennsylvania,104
Near East/South Asia,Libya,Pennsylvania,4
East Asia,Malaysia,Pennsylvania,2
Africa,Mali,Pennsylvania,2
Europe,Moldova,Pennsylvania,26
Africa,Namibia,Pennsylvania,1
Near East/South Asia,Nepal,Pennsylvania,29
Europe,Netherlands,Pennsylvania,1
Africa,Nigeria,Pennsylvania,1
Near East/South Asia,Pakistan,Pennsylvania,210
Near East/South Asia,Palestine,Pennsylvania,52
Africa,Republic of South Sudan,Pennsylvania,22
Europe,Russia,Pennsylvania,75
Africa,Rwanda,Pennsylvania,46
Africa,Senegal,Pennsylvania,2
Africa,Sierra Leone,Pennsylvania,9
Africa,Somalia,Pennsylvania,1476
Near East/South Asia,Sri Lanka (Ceylon),Pennsylvania,3
Africa,Sudan,Pennsylvania,411
Near East/South Asia,Syria,Pennsylvania,1318
Europe,Tajikistan,Pennsylvania,15
East Asia,Thailand,Pennsylvania,2
Europe,Turkmenistan,Pennsylvania,5
Africa,Uganda,Pennsylvania,11
Europe,Ukraine,Pennsylvania,897
Europe,Uzbekistan,Pennsylvania,21
East Asia,Vietnam,Pennsylvania,7
Near East/South Asia,Yemen,Pennsylvania,4
Latin America/Caribbean,Cuba,Puerto Rico,9
Near East/South Asia,Afghanistan,Rhode Island,27
Africa,Angola,Rhode Island,2
Near East/South Asia,Bhutan,Rhode Island,236
East Asia,Burma,Rhode Island,198
Africa,Burundi,Rhode Island,76
Africa,Central African Republic,Rhode Island,2
Latin America/Caribbean,Colombia,Rhode Island,49
Latin America/Caribbean,Cuba,Rhode Island,2
Africa,Dem. Rep. Congo,Rhode Island,402
Africa,Djibouti,Rhode Island,1
Latin America/Caribbean,El Salvador,Rhode Island,3
Africa,Eritrea,Rhode Island,109
Africa,Ethiopia,Rhode Island,6
Africa,Gambia,Rhode Island,1
Latin America/Caribbean,Guatemala,Rhode Island,1
Latin America/Caribbean,Honduras,Rhode Island,1
Near East/South Asia,Iran,Rhode Island,19
Near East/South Asia,Iraq,Rhode Island,168
Africa,Liberia,Rhode Island,36
Africa,Mauritania,Rhode Island,7
Near East/South Asia,Nepal,Rhode Island,2
Near East/South Asia,Pakistan,Rhode Island,3
Europe,Russia,Rhode Island,3
Africa,Rwanda,Rhode Island,7
Africa,Somalia,Rhode Island,194
Near East/South Asia,Syria,Rhode Island,174
Europe,Ukraine,Rhode Island,18
Near East/South Asia,Afghanistan,South Carolina,38
Europe,Belarus,South Carolina,49
Near East/South Asia,Bhutan,South Carolina,79
East Asia,Burma,South Carolina,578
Africa,Burundi,South Carolina,12
Africa,Cameroon,South Carolina,4
Latin America/Caribbean,Cuba,South Carolina,3
Africa,Dem. Rep. Congo,South Carolina,315
Near East/South Asia,Egypt,South Carolina,1
Latin America/Caribbean,El Salvador,South Carolina,11
Africa,Eritrea,South Carolina,95
Latin America/Caribbean,Honduras,South Carolina,3
Near East/South Asia,Iran,South Carolina,19
Near East/South Asia,Iraq,South Carolina,185
Africa,Kenya,South Carolina,4
East Asia,Laos,South Carolina,3
Europe,Moldova,South Carolina,5
Near East/South Asia,Pakistan,South Carolina,1
Near East/South Asia,Palestine,South Carolina,5
Europe,Russia,South Carolina,4
Africa,Rwanda,South Carolina,4
Africa,Somalia,South Carolina,35
Africa,Sudan,South Carolina,1
Near East/South Asia,Syria,South Carolina,49
Europe,Ukraine,South Carolina,267
East Asia,Vietnam,South Carolina,8
Near East/South Asia,Afghanistan,South Dakota,2
Near East/South Asia,Bhutan,South Dakota,1352
East Asia,Burma,South Dakota,1072
Africa,Burundi,South Dakota,38
East Asia,Cambodia,South Dakota,1
Africa,Chad,South Dakota,10
Africa,Dem. Rep. Congo,South Dakota,326
Latin America/Caribbean,El Salvador,South Dakota,5
Africa,Eritrea,South Dakota,445
Africa,Ethiopia,South Dakota,82
Africa,Guinea,South Dakota,6
Near East/South Asia,Iran,South Dakota,5
Near East/South Asia,Iraq,South Dakota,182
Africa,Liberia,South Dakota,13
Near East/South Asia,Nepal,South Dakota,1
Near East/South Asia,Pakistan,South Dakota,4
Near East/South Asia,Palestine,South Dakota,10
Africa,Republic of South Sudan,South Dakota,6
Europe,Russia,South Dakota,2
Africa,Somalia,South Dakota,464
Africa,Sudan,South Dakota,118
Near East/South Asia,Syria,South Dakota,4
Europe,Ukraine,South Dakota,77
Near East/South Asia,Afghanistan,Tennessee,99
Near East/South Asia,Bangladesh,Tennessee,1
Near East/South Asia,Bhutan,Tennessee,1606
East Asia,Burma,Tennessee,2482
Africa,Burundi,Tennessee,189
Africa,Central African Republic,Tennessee,8
Africa,Chad,Tennessee,5
East Asia,China,Tennessee,1
Latin America/Caribbean,Colombia,Tennessee,134
Africa,Congo,Tennessee,8
Latin America/Caribbean,Cuba,Tennessee,394
Africa,Dem. Rep. Congo,Tennessee,1854
Near East/South Asia,Egypt,Tennessee,10
Latin America/Caribbean,El Salvador,Tennessee,28
Africa,Eritrea,Tennessee,177
Africa,Ethiopia,Tennessee,111
Africa,Gambia,Tennessee,2
Latin America/Caribbean,Honduras,Tennessee,5
Near East/South Asia,Iran,Tennessee,154
Near East/South Asia,Iraq,Tennessee,2446
Africa,Ivory Coast,Tennessee,1
Europe,Kazakhstan,Tennessee,7
Africa,Kenya,Tennessee,3
East Asia,"Korea, North",Tennessee,6
Europe,Kyrgyzstan,Tennessee,4
Africa,Liberia,Tennessee,5
Europe,Moldova,Tennessee,17
Near East/South Asia,Morocco,Tennessee,2
Near East/South Asia,Nepal,Tennessee,7
Near East/South Asia,Pakistan,Tennessee,41
Near East/South Asia,Palestine,Tennessee,26
Africa,Republic of South Sudan,Tennessee,62
Europe,Russia,Tennessee,12
Africa,Rwanda,Tennessee,37
Africa,Sierra Leone,Tennessee,1
Africa,Somalia,Tennessee,1548
Africa,Sudan,Tennessee,344
Near East/South Asia,Syria,Tennessee,397
Africa,Uganda,Tennessee,6
Europe,Ukraine,Tennessee,111
Europe,Uzbekistan,Tennessee,9
East Asia,Vietnam,Tennessee,7
Africa,Zimbabwe,Tennessee,5
Near East/South Asia,Afghanistan,Texas,746
Europe,Azerbaijan,Texas,5
Europe,Belarus,Texas,1
Africa,Benin,Texas,3
Near East/South Asia,Bhutan,Texas,5908
East Asia,Burma,Texas,16850
Africa,Burundi,Texas,464
East Asia,Cambodia,Texas,7
Africa,Cameroon,Texas,9
Africa,Central African Republic,Texas,131
Africa,Chad,Texas,25
East Asia,China,Texas,10
Latin America/Caribbean,Colombia,Texas,90
Africa,Congo,Texas,63
Latin America/Caribbean,Cuba,Texas,1238
Africa,Dem. Rep. Congo,Texas,7541
Near East/South Asia,Egypt,Texas,4
Latin America/Caribbean,El Salvador,Texas,321
Africa,Eritrea,Texas,1731
Africa,Ethiopia,Texas,442
Africa,Gabon,Texas,1
Africa,Gambia,Texas,8
Latin America/Caribbean,Guatemala,Texas,23
Africa,Guinea,Texas,3
Latin America/Caribbean,Honduras,Texas,62
Near East/South Asia,India,Texas,1
East Asia,Indonesia,Texas,1
Near East/South Asia,Iran,Texas,2297
Near East/South Asia,Iraq,Texas,11573
Africa,Ivory Coast,Texas,35
Near East/South Asia,Jordan,Texas,6
Africa,Kenya,Texas,8
East Asia,"Korea, North",Texas,8
Near East/South Asia,Kuwait,Texas,21
Europe,Kyrgyzstan,Texas,5
Near East/South Asia,Lebanon,Texas,1
Africa,Liberia,Texas,26
East Asia,Malaysia,Texas,3
Africa,Mali,Texas,1
Africa,Mauritania,Texas,26
Europe,Moldova,Texas,10
Near East/South Asia,Nepal,Texas,20
Europe,Netherlands,Texas,1
Africa,Nigeria,Texas,4
Europe,Norway,Texas,1
Near East/South Asia,Pakistan,Texas,185
Near East/South Asia,Palestine,Texas,258
Africa,Republic of South Sudan,Texas,32
Europe,Russia,Texas,17
Africa,Rwanda,Texas,207
Africa,Senegal,Texas,5
Africa,Sierra Leone,Texas,5
Africa,Somalia,Texas,3836
Africa,South Africa,Texas,1
Near East/South Asia,Sri Lanka (Ceylon),Texas,74
Africa,Sudan,Texas,648
Near East/South Asia,Syria,Texas,1624
East Asia,Thailand,Texas,2
Africa,Togo,Texas,15
Near East/South Asia,Turkey,Texas,1
Europe,Turkmenistan,Texas,5
Africa,Uganda,Texas,18
Europe,Ukraine,Texas,38
Europe,Uzbekistan,Texas,2
Latin America/Caribbean,Venezuela,Texas,2
East Asia,Vietnam,Texas,161
Near East/South Asia,Yemen,Texas,2
Africa,Zambia,Texas,2
Africa,Zimbabwe,Texas,9
Near East/South Asia,Afghanistan,Utah,154
Africa,Angola,Utah,1
Europe,Belarus,Utah,1
Europe,Belgium,Utah,2
Near East/South Asia,Bhutan,Utah,988
East Asia,Burma,Utah,1473
Africa,Burundi,Utah,151
East Asia,Cambodia,Utah,1
Africa,Central African Republic,Utah,108
Africa,Chad,Utah,1
East Asia,China,Utah,4
Latin America/Caribbean,Colombia,Utah,6
Africa,Congo,Utah,1
Latin America/Caribbean,Cuba,Utah,50
Africa,Dem. Rep. Congo,Utah,1364
Africa,Djibouti,Utah,2
Near East/South Asia,Egypt,Utah,1
Latin America/Caribbean,El Salvador,Utah,9
Africa,Eritrea,Utah,327
Africa,Ethiopia,Utah,101
Europe,Georgia,Utah,3
Latin America/Caribbean,Guatemala,Utah,4
Africa,Guinea,Utah,9
Near East/South Asia,Iran,Utah,216
Near East/South Asia,Iraq,Utah,1388
Africa,Ivory Coast,Utah,27
East Asia,"Korea, North",Utah,19
Africa,Liberia,Utah,1
Europe,Moldova,Utah,9
Near East/South Asia,Nepal,Utah,6
Africa,Nigeria,Utah,2
Near East/South Asia,Pakistan,Utah,23
Near East/South Asia,Palestine,Utah,32
Africa,Republic of South Sudan,Utah,40
Europe,Russia,Utah,2
Africa,Rwanda,Utah,25
Africa,Somalia,Utah,1610
Near East/South Asia,Sri Lanka (Ceylon),Utah,55
Africa,Sudan,Utah,354
Near East/South Asia,Syria,Utah,114
East Asia,Thailand,Utah,1
Africa,Togo,Utah,5
Africa,Uganda,Utah,5
Europe,Ukraine,Utah,4
Near East/South Asia,Yemen,Utah,1
Near East/South Asia,Bhutan,Vermont,1704
East Asia,Burma,Vermont,194
Africa,Burundi,Vermont,19
Africa,Congo,Vermont,1
Africa,Dem. Rep. Congo,Vermont,362
Africa,Eritrea,Vermont,2
Africa,Ethiopia,Vermont,2
Near East/South Asia,India,Vermont,1
Near East/South Asia,Iran,Vermont,3
Near East/South Asia,Iraq,Vermont,132
Near East/South Asia,Nepal,Vermont,14
Africa,Rwanda,Vermont,1
Africa,Somalia,Vermont,276
Africa,Sudan,Vermont,15
Near East/South Asia,Syria,Vermont,14
Near East/South Asia,Afghanistan,Virginia,561
Europe,Belarus,Virginia,1
Near East/South Asia,Bhutan,Virginia,2157
East Asia,Burma,Virginia,625
Africa,Burundi,Virginia,77
East Asia,Cambodia,Virginia,5
Africa,Cameroon,Virginia,1
East Asia,China,Virginia,10
Latin America/Caribbean,Colombia,Virginia,135
Africa,Congo,Virginia,11
Latin America/Caribbean,Cuba,Virginia,280
Africa,Dem. Rep. Congo,Virginia,1339
Latin America/Caribbean,El Salvador,Virginia,275
Africa,Eritrea,Virginia,386
Africa,Ethiopia,Virginia,72
Africa,Gambia,Virginia,1
Latin America/Caribbean,Guatemala,Virginia,10
Latin America/Caribbean,Honduras,Virginia,14
Near East/South Asia,India,Virginia,1
Near East/South Asia,Iran,Virginia,608
Near East/South Asia,Iraq,Virginia,3327
Africa,Ivory Coast,Virginia,20
Europe,Kazakhstan,Virginia,7
Africa,Kenya,Virginia,6
East Asia,"Korea, North",Virginia,2
Europe,Kyrgyzstan,Virginia,14
Africa,Liberia,Virginia,4
Europe,Moldova,Virginia,4
Near East/South Asia,Nepal,Virginia,5
Near East/South Asia,Pakistan,Virginia,191
Near East/South Asia,Palestine,Virginia,65
Africa,Republic of South Sudan,Virginia,13
Europe,Russia,Virginia,31
Africa,Rwanda,Virginia,27
Africa,Sierra Leone,Virginia,4
Africa,Somalia,Virginia,425
Near East/South Asia,Sri Lanka (Ceylon),Virginia,2
Africa,Sudan,Virginia,273
Near East/South Asia,Syria,Virginia,361
Near East/South Asia,Tunisia,Virginia,1
Europe,Turkmenistan,Virginia,5
Africa,Uganda,Virginia,7
Europe,Ukraine,Virginia,113
Near East/South Asia,United Arab Emirates,Virginia,1
Europe,Uzbekistan,Virginia,7
East Asia,Vietnam,Virginia,18
Near East/South Asia,Yemen,Virginia,1
Near East/South Asia,Afghanistan,Washington,202
Europe,Armenia,Washington,7
Europe,Belarus,Washington,166
Near East/South Asia,Bhutan,Washington,1811
East Asia,Burma,Washington,3347
Africa,Burundi,Washington,46
East Asia,Cambodia,Washington,5
Africa,Cameroon,Washington,4
Africa,Central African Republic,Washington,41
Africa,Chad,Washington,1
East Asia,China,Washington,6
Latin America/Caribbean,Colombia,Washington,114
Africa,Congo,Washington,10
Latin America/Caribbean,Cuba,Washington,209
Africa,Dem. Rep. Congo,Washington,952
Africa,Djibouti,Washington,1
Near East/South Asia,Egypt,Washington,2
Latin America/Caribbean,El Salvador,Washington,14
Africa,Eritrea,Washington,879
Africa,Ethiopia,Washington,381
Africa,Gambia,Washington,1
Europe,Georgia,Washington,73
Latin America/Caribbean,Guatemala,Washington,2
Africa,Guinea,Washington,3
Latin America/Caribbean,Honduras,Washington,1
Near East/South Asia,Iran,Washington,1040
Near East/South Asia,Iraq,Washington,3822
Near East/South Asia,Jordan,Washington,2
Europe,Kazakhstan,Washington,90
Africa,Kenya,Washington,6
East Asia,"Korea, North",Washington,1
Europe,Kyrgyzstan,Washington,83
East Asia,Laos,Washington,10
Near East/South Asia,Lebanon,Washington,1
Africa,Liberia,Washington,2
Europe,Moldova,Washington,812
Near East/South Asia,Nepal,Washington,7
Near East/South Asia,Oman,Washington,1
Near East/South Asia,Pakistan,Washington,67
Near East/South Asia,Palestine,Washington,28
East Asia,Philippines,Washington,2
Africa,Republic of South Sudan,Washington,4
Europe,Russia,Washington,597
Africa,Rwanda,Washington,42
Africa,Senegal,Washington,7
Africa,Somalia,Washington,2637
Near East/South Asia,Sri Lanka (Ceylon),Washington,6
Africa,Sudan,Washington,308
Near East/South Asia,Syria,Washington,254
Africa,Togo,Washington,8
Near East/South Asia,Tunisia,Washington,1
Europe,Turkmenistan,Washington,15
Africa,Uganda,Washington,2
Europe,Ukraine,Washington,5778
Europe,Uzbekistan,Washington,40
East Asia,Vietnam,Washington,79
East Asia,Burma,West Virginia,49
Africa,Eritrea,West Virginia,42
Africa,Ethiopia,West Virginia,2
Near East/South Asia,Iran,West Virginia,5
Near East/South Asia,Iraq,West Virginia,54
Near East/South Asia,Syria,West Virginia,7
Africa,Uganda,West Virginia,4
Near East/South Asia,Afghanistan,Wisconsin,70
Europe,Belarus,Wisconsin,3
Near East/South Asia,Bhutan,Wisconsin,371
East Asia,Burma,Wisconsin,5076
Africa,Burundi,Wisconsin,25
Africa,Central African Republic,Wisconsin,3
East Asia,China,Wisconsin,8
Latin America/Caribbean,Colombia,Wisconsin,9
Latin America/Caribbean,Cuba,Wisconsin,50
Africa,Dem. Rep. Congo,Wisconsin,875
Africa,Eritrea,Wisconsin,174
Africa,Ethiopia,Wisconsin,34
Latin America/Caribbean,Honduras,Wisconsin,3
Near East/South Asia,Iran,Wisconsin,9
Near East/South Asia,Iraq,Wisconsin,1049
East Asia,Laos,Wisconsin,54
Near East/South Asia,Nepal,Wisconsin,4
Near East/South Asia,Pakistan,Wisconsin,68
Near East/South Asia,Palestine,Wisconsin,56
Africa,Republic of South Sudan,Wisconsin,3
Africa,Rwanda,Wisconsin,11
Africa,Somalia,Wisconsin,1058
Near East/South Asia,Sri Lanka (Ceylon),Wisconsin,1
Africa,Sudan,Wisconsin,92
Near East/South Asia,Syria,Wisconsin,194
East Asia,Thailand,Wisconsin,1
Africa,Uganda,Wisconsin,1
Europe,Ukraine,Wisconsin,30
East Asia,Vietnam,Wisconsin,29
Africa,Somalia,Wyoming,1
